EDS Spectra,,
Ambient Pressure,Energy (eV),cps/eV
,-0.1,0
,-0.09,0
,-0.08,0
,-0.07,1
,-0.06,2
,-0.05,32
,-0.04,218
,-0.03,970
,-0.02,3377
,-0.01,7991
,0,14748
,0.01,21602
,0.02,25029
,0.03,21662
,0.04,13323
,0.05,5697
,0.06,1685
,0.07,388
,0.08,124
,0.09,94
,0.1,109
,0.11,125
,0.12,136
,0.13,162
,0.14,185
,0.15,226
,0.16,301
,0.17,365
,0.18,394
,0.19,447
,0.2,503
,0.21,541
,0.22,600
,0.23,728
,0.24,928
,0.25,1177
,0.26,1415
,0.27,1502
,0.28,1356
,0.29,1023
,0.3,687
,0.31,455
,0.32,308
,0.33,266
,0.34,284
,0.35,288
,0.36,306
,0.37,337
,0.38,363
,0.39,381
,0.4,410
,0.41,451
,0.42,479
,0.43,549
,0.44,714
,0.45,963
,0.46,1335
,0.47,1856
,0.48,2428
,0.49,3110
,0.5,3761
,0.51,4191
,0.52,4215
,0.53,3772
,0.54,2975
,0.55,2061
,0.56,1292
,0.57,826
,0.58,635
,0.59,598
,0.6,596
,0.61,618
,0.62,643
,0.63,606
,0.64,534
,0.65,471
,0.66,430
,0.67,409
,0.68,412
,0.69,454
,0.7,525
,0.71,598
,0.72,696
,0.73,802
,0.74,865
,0.75,919
,0.76,924
,0.77,786
,0.78,680
,0.79,636
,0.8,580
,0.81,565
,0.82,591
,0.83,597
,0.84,568
,0.85,531
,0.86,505
,0.87,520
,0.88,542
,0.89,536
,0.9,489
,0.91,477
,0.92,542
,0.93,600
,0.94,681
,0.95,789
,0.96,950
,0.97,1133
,0.98,1254
,0.99,1284
,1,1216
,1.01,1084
,1.02,950
,1.03,802
,1.04,617
,1.05,510
,1.06,445
,1.07,412
,1.08,369
,1.09,372
,1.1,376
,1.11,385
,1.12,415
,1.13,408
,1.14,431
,1.15,467
,1.16,498
,1.17,515
,1.18,532
,1.19,533
,1.2,498
,1.21,500
,1.22,501
,1.23,500
,1.24,513
,1.25,501
,1.26,494
,1.27,504
,1.28,497
,1.29,485
,1.3,475
,1.31,470
,1.32,475
,1.33,443
,1.34,433
,1.35,431
,1.36,427
,1.37,432
,1.38,426
,1.39,399
,1.4,406
,1.41,429
,1.42,406
,1.43,397
,1.44,425
,1.45,420
,1.46,438
,1.47,425
,1.48,442
,1.49,458
,1.5,449
,1.51,478
,1.52,455
,1.53,443
,1.54,434
,1.55,429
,1.56,434
,1.57,447
,1.58,448
,1.59,424
,1.6,441
,1.61,470
,1.62,445
,1.63,416
,1.64,456
,1.65,447
,1.66,435
,1.67,417
,1.68,419
,1.69,497
,1.7,481
,1.71,496
,1.72,495
,1.73,463
,1.74,464
,1.75,492
,1.76,495
,1.77,493
,1.78,467
,1.79,468
,1.8,455
,1.81,483
,1.82,464
,1.83,442
,1.84,480
,1.85,444
,1.86,433
,1.87,434
,1.88,450
,1.89,462
,1.9,459
,1.91,433
,1.92,409
,1.93,429
,1.94,459
,1.95,482
,1.96,431
,1.97,445
,1.98,484
,1.99,476
,2,461
,2.01,448
,2.02,454
,2.03,456
,2.04,459
,2.05,472
,2.06,460
,2.07,439
,2.08,445
,2.09,473
,2.1,466
,2.11,433
,2.12,480
,2.13,486
,2.14,484
,2.15,513
,2.16,451
,2.17,493
,2.18,498
,2.19,521
,2.2,529
,2.21,560
,2.22,530
,2.23,509
,2.24,500
,2.25,462
,2.26,459
,2.27,474
,2.28,475
,2.29,446
,2.3,490
,2.31,472
,2.32,472
,2.33,462
,2.34,447
,2.35,445
,2.36,489
,2.37,473
,2.38,467
,2.39,430
,2.4,448
,2.41,465
,2.42,472
,2.43,473
,2.44,462
,2.45,469
,2.46,491
,2.47,508
,2.48,492
,2.49,460
,2.5,474
,2.51,465
,2.52,477
,2.53,456
,2.54,464
,2.55,509
,2.56,457
,2.57,468
,2.58,443
,2.59,468
,2.6,436
,2.61,449
,2.62,481
,2.63,435
,2.64,477
,2.65,433
,2.66,426
,2.67,423
,2.68,432
,2.69,429
,2.7,480
,2.71,448
,2.72,431
,2.73,425
,2.74,424
,2.75,423
,2.76,433
,2.77,416
,2.78,468
,2.79,442
,2.8,461
,2.81,455
,2.82,436
,2.83,467
,2.84,466
,2.85,424
,2.86,412
,2.87,452
,2.88,405
,2.89,429
,2.9,426
,2.91,445
,2.92,445
,2.93,431
,2.94,420
,2.95,475
,2.96,428
,2.97,425
,2.98,401
,2.99,400
,3,413
,3.01,404
,3.02,426
,3.03,379
,3.04,389
,3.05,394
,3.06,425
,3.07,440
,3.08,422
,3.09,428
,3.1,416
,3.11,426
,3.12,428
,3.13,380
,3.14,415
,3.15,409
,3.16,370
,3.17,411
,3.18,425
,3.19,411
,3.2,400
,3.21,388
,3.22,393
,3.23,368
,3.24,394
,3.25,383
,3.26,421
,3.27,368
,3.28,371
,3.29,370
,3.3,392
,3.31,410
,3.32,407
,3.33,358
,3.34,355
,3.35,417
,3.36,377
,3.37,405
,3.38,366
,3.39,384
,3.4,434
,3.41,427
,3.42,449
,3.43,396
,3.44,451
,3.45,467
,3.46,564
,3.47,543
,3.48,594
,3.49,614
,3.5,611
,3.51,544
,3.52,532
,3.53,541
,3.54,506
,3.55,488
,3.56,446
,3.57,412
,3.58,431
,3.59,398
,3.6,404
,3.61,408
,3.62,381
,3.63,373
,3.64,346
,3.65,343
,3.66,372
,3.67,376
,3.68,391
,3.69,392
,3.7,381
,3.71,391
,3.72,344
,3.73,374
,3.74,392
,3.75,410
,3.76,418
,3.77,409
,3.78,435
,3.79,394
,3.8,464
,3.81,506
,3.82,558
,3.83,615
,3.84,743
,3.85,952
,3.86,1301
,3.87,1669
,3.88,2150
,3.89,2775
,3.9,3387
,3.91,4094
,3.92,4888
,3.93,5060
,3.94,5431
,3.95,5369
,3.96,5129
,3.97,4628
,3.98,4062
,3.99,3381
,4,2646
,4.01,1984
,4.02,1506
,4.03,1197
,4.04,897
,4.05,651
,4.06,536
,4.07,433
,4.08,418
,4.09,406
,4.1,415
,4.11,443
,4.12,515
,4.13,574
,4.14,698
,4.15,811
,4.16,994
,4.17,1286
,4.18,1607
,4.19,1809
,4.2,2095
,4.21,2331
,4.22,2564
,4.23,2646
,4.24,2630
,4.25,2532
,4.26,2357
,4.27,2177
,4.28,1971
,4.29,1678
,4.3,1496
,4.31,1309
,4.32,1151
,4.33,1015
,4.34,882
,4.35,826
,4.36,693
,4.37,618
,4.38,574
,4.39,538
,4.4,470
,4.41,456
,4.42,472
,4.43,505
,4.44,558
,4.45,593
,4.46,704
,4.47,787
,4.48,831
,4.49,919
,4.5,995
,4.51,979
,4.52,1000
,4.53,956
,4.54,891
,4.55,815
,4.56,757
,4.57,680
,4.58,586
,4.59,566
,4.6,481
,4.61,452
,4.62,410
,4.63,373
,4.64,379
,4.65,362
,4.66,353
,4.67,355
,4.68,327
,4.69,355
,4.7,331
,4.71,342
,4.72,324
,4.73,318
,4.74,371
,4.75,402
,4.76,433
,4.77,444
,4.78,459
,4.79,502
,4.8,491
,4.81,497
,4.82,511
,4.83,456
,4.84,431
,4.85,427
,4.86,408
,4.87,350
,4.88,336
,4.89,311
,4.9,287
,4.91,282
,4.92,229
,4.93,252
,4.94,244
,4.95,215
,4.96,240
,4.97,252
,4.98,268
,4.99,287
,5,299
,5.01,308
,5.02,341
,5.03,343
,5.04,341
,5.05,326
,5.06,334
,5.07,354
,5.08,392
,5.09,378
,5.1,375
,5.11,418
,5.12,456
,5.13,529
,5.14,615
,5.15,750
,5.16,911
,5.17,1073
,5.18,1256
,5.19,1502
,5.2,1688
,5.21,1815
,5.22,1972
,5.23,2011
,5.24,1970
,5.25,1871
,5.26,1738
,5.27,1561
,5.28,1355
,5.29,1143
,5.3,940
,5.31,750
,5.32,621
,5.33,519
,5.34,408
,5.35,330
,5.36,287
,5.37,258
,5.38,233
,5.39,224
,5.4,227
,5.41,216
,5.42,205
,5.43,202
,5.44,190
,5.45,191
,5.46,197
,5.47,201
,5.48,200
,5.49,186
,5.5,192
,5.51,192
,5.52,205
,5.53,216
,5.54,222
,5.55,215
,5.56,191
,5.57,191
,5.58,223
,5.59,256
,5.6,256
,5.61,279
,5.62,293
,5.63,324
,5.64,399
,5.65,449
,5.66,549
,5.67,650
,5.68,731
,5.69,844
,5.7,913
,5.71,925
,5.72,945
,5.73,1005
,5.74,995
,5.75,918
,5.76,863
,5.77,783
,5.78,726
,5.79,671
,5.8,582
,5.81,532
,5.82,480
,5.83,421
,5.84,392
,5.85,373
,5.86,342
,5.87,331
,5.88,326
,5.89,307
,5.9,273
,5.91,247
,5.92,235
,5.93,221
,5.94,218
,5.95,214
,5.96,221
,5.97,221
,5.98,220
,5.99,235
,6,241
,6.01,249
,6.02,284
,6.03,335
,6.04,375
,6.05,418
,6.06,422
,6.07,435
,6.08,470
,6.09,451
,6.1,470
,6.11,476
,6.12,429
,6.13,425
,6.14,421
,6.15,368
,6.16,328
,6.17,295
,6.18,269
,6.19,251
,6.2,227
,6.21,214
,6.22,217
,6.23,214
,6.24,209
,6.25,210
,6.26,185
,6.27,176
,6.28,183
,6.29,189
,6.3,183
,6.31,185
,6.32,178
,6.33,173
,6.34,172
,6.35,176
,6.36,191
,6.37,203
,6.38,189
,6.39,184
,6.4,189
,6.41,181
,6.42,173
,6.43,184
,6.44,195
,6.45,190
,6.46,182
,6.47,189
,6.48,200
,6.49,191
,6.5,186
,6.51,187
,6.52,192
,6.53,208
,6.54,231
,6.55,226
,6.56,246
,6.57,261
,6.58,254
,6.59,264
,6.6,290
,6.61,287
,6.62,260
,6.63,249
,6.64,260
,6.65,238
,6.66,207
,6.67,200
,6.68,199
,6.69,179
,6.7,173
,6.71,158
,6.72,163
,6.73,159
,6.74,148
,6.75,139
,6.76,138
,6.77,132
,6.78,141
,6.79,158
,6.8,161
,6.81,158
,6.82,174
,6.83,183
,6.84,184
,6.85,181
,6.86,183
,6.87,189
,6.88,199
,6.89,190
,6.9,188
,6.91,182
,6.92,169
,6.93,167
,6.94,180
,6.95,172
,6.96,168
,6.97,175
,6.98,168
,6.99,150
,7,153
,7.01,145
,7.02,167
,7.03,157
,7.04,146
,7.05,156
,7.06,153
,7.07,161
,7.08,156
,7.09,162
,7.1,154
,7.11,141
,7.12,154
,7.13,146
,7.14,170
,7.15,152
,7.16,148
,7.17,133
,7.18,128
,7.19,140
,7.2,140
,7.21,132
,7.22,132
,7.23,141
,7.24,142
,7.25,142
,7.26,134
,7.27,135
,7.28,123
,7.29,142
,7.3,145
,7.31,127
,7.32,112
,7.33,141
,7.34,146
,7.35,135
,7.36,117
,7.37,135
,7.38,123
,7.39,130
,7.4,135
,7.41,134
,7.42,128
,7.43,143
,7.44,121
,7.45,125
,7.46,129
,7.47,121
,7.48,131
,7.49,122
,7.5,117
,7.51,128
,7.52,118
,7.53,131
,7.54,150
,7.55,120
,7.56,119
,7.57,118
,7.58,125
,7.59,128
,7.6,123
,7.61,99
,7.62,129
,7.63,116
,7.64,129
,7.65,121
,7.66,109
,7.67,131
,7.68,114
,7.69,127
,7.7,109
,7.71,106
,7.72,120
,7.73,126
,7.74,122
,7.75,118
,7.76,116
,7.77,114
,7.78,116
,7.79,119
,7.8,119
,7.81,104
,7.82,129
,7.83,113
,7.84,111
,7.85,118
,7.86,111
,7.87,113
,7.88,111
,7.89,115
,7.9,117
,7.91,109
,7.92,97
,7.93,113
,7.94,115
,7.95,107
,7.96,130
,7.97,100
,7.98,100
,7.99,125
,8,116
,8.01,128
,8.02,117
,8.03,100
,8.04,103
,8.05,111
,8.06,115
,8.07,111
,8.08,117
,8.09,108
,8.1,111
,8.11,99
,8.12,114
,8.13,118
,8.14,103
,8.15,111
,8.16,106
,8.17,118
,8.18,114
,8.19,113
,8.2,115
,8.21,96
,8.22,108
,8.23,101
,8.24,94
,8.25,99
,8.26,111
,8.27,98
,8.28,107
,8.29,107
,8.3,96
,8.31,85
,8.32,102
,8.33,105
,8.34,108
,8.35,107
,8.36,109
,8.37,99
,8.38,93
,8.39,76
,8.4,106
,8.41,98
,8.42,99
,8.43,94
,8.44,95
,8.45,99
,8.46,92
,8.47,89
,8.48,110
,8.49,89
,8.5,87
,8.51,93
,8.52,83
,8.53,101
,8.54,118
,8.55,102
,8.56,112
,8.57,90
,8.58,88
,8.59,102
,8.6,112
,8.61,104
,8.62,97
,8.63,92
,8.64,96
,8.65,110
,8.66,97
,8.67,96
,8.68,98
,8.69,114
,8.7,90
,8.71,96
,8.72,99
,8.73,95
,8.74,92
,8.75,92
,8.76,104
,8.77,93
,8.78,97
,8.79,94
,8.8,90
,8.81,90
,8.82,100
,8.83,97
,8.84,85
,8.85,81
,8.86,91
,8.87,104
,8.88,111
,8.89,99
,8.9,97
,8.91,115
,8.92,96
,8.93,88
,8.94,92
,8.95,103
,8.96,82
,8.97,94
,8.98,102
,8.99,94
,9,86
,9.01,91
,9.02,109
,9.03,97
,9.04,83
,9.05,98
,9.06,79
,9.07,84
,9.08,74
,9.09,86
,9.1,99
,9.11,94
,9.12,78
,9.13,70
,9.14,73
,9.15,97
,9.16,90
,9.17,86
,9.18,85
,9.19,93
,9.2,86
,9.21,97
,9.22,94
,9.23,92
,9.24,84
,9.25,85
,9.26,79
,9.27,85
,9.28,76
,9.29,93
,9.3,77
,9.31,79
,9.32,97
,9.33,91
,9.34,59
,9.35,78
,9.36,96
,9.37,84
,9.38,74
,9.39,81
,9.4,79
,9.41,75
,9.42,78
,9.43,79
,9.44,82
,9.45,86
,9.46,87
,9.47,90
,9.48,93
,9.49,80
,9.5,89
,9.51,75
,9.52,82
,9.53,74
,9.54,84
,9.55,74
,9.56,72
,9.57,66
,9.58,79
,9.59,71
,9.6,78
,9.61,74
,9.62,75
,9.63,78
,9.64,84
,9.65,75
,9.66,72
,9.67,80
,9.68,75
,9.69,78
,9.7,73
,9.71,70
,9.72,68
,9.73,74
,9.74,77
,9.75,80
,9.76,73
,9.77,96
,9.78,81
,9.79,73
,9.8,86
,9.81,74
,9.82,77
,9.83,82
,9.84,81
,9.85,76
,9.86,79
,9.87,66
,9.88,66
,9.89,77
,9.9,77
,9.91,80
,9.92,73
,9.93,70
,9.94,64
,9.95,59
,9.96,79
,9.97,71
,9.98,65
,9.99,68
,10,73
,10.01,70
,10.02,68
,10.03,69
,10.04,76
,10.05,74
,10.06,71
,10.07,63
,10.08,62
,10.09,75
,10.1,71
,10.11,68
,10.12,62
,10.13,71