X-Ray Absorption Spectra,,,,,,,,,,,,,,
Pressure,0.2 Gpa,,2.3 GPa,,4.7 Gpa,,6.1 Gpa,,8.2 Gpa ,,4.9 Gpa (Decompressed),,,0.1 Gpa (Decompressed)
,Energy (eV),Intensity (arb. units),Energy (eV),Intensity (arb. Units),Energy (eV),Intensity (arb. Units),Energy (eV),Intensity (arb. Units),Energy (eV),Intensity (arb. Units),Energy (eV),Intensity (arb. Units),Energy (eV),Intensity (arb. Units)
,6192.297,9.767534,6192.303,8.485599,6192.292,9.302925,6192.3,7.489134,6192,5.824015,6191.995,11.26825,6192.297,10.26419
,6192.576,10.29911,6192.576,7.313972,6192.576,8.273665,6192.577,6.685808,6192.284,6.020374,6192.298,10.51281,6192.577,11.70769
,6192.869,11.28244,6192.873,8.494973,6192.871,8.870721,6192.868,6.702722,6192.579,7.152213,6192.576,11.31575,6192.869,11.32284
,6193.163,10.04412,6193.16,8.475716,6193.16,7.733149,6193.161,7.192676,6192.871,6.243248,6192.869,11.0633,6193.161,11.86556
,6193.453,11.06912,6193.453,8.356143,6193.453,8.117287,6193.455,7.089498,6193.16,5.424591,6193.158,11.31852,6193.453,11.06125
,6193.747,10.19917,6193.749,8.196846,6193.744,8.303307,6193.747,6.392574,6193.455,5.438932,6193.453,12.27615,6193.747,12.0338
,6194.034,10.23002,6194.034,8.158564,6194.034,9.518674,6194.044,6.757114,6193.742,5.421482,6193.744,10.87025,6194.034,12.79216
,6194.325,10.06882,6194.328,8.035834,6194.325,8.791271,6194.326,7.434701,6194.037,5.296245,6194.036,11.16798,6194.325,13.2416
,6194.618,11.256,6194.618,8.763247,6194.618,8.474755,6194.622,6.75429,6194.325,5.943052,6194.326,12.92336,6194.622,10.95066
,6194.912,10.73162,6194.912,8.83662,6194.912,8.547897,6194.912,6.425584,6194.622,5.903175,6194.622,12.44207,6194.911,10.36364
,6195.206,11.06859,6195.201,7.677409,6195.203,8.24046,6195.204,6.888404,6194.911,6.051344,6194.915,11.76546,6195.203,12.53521
,6195.497,10.79655,6195.492,9.102371,6195.492,7.82727,6195.492,5.887824,6195.204,5.769448,6195.204,10.81454,6195.492,12.1245
,6195.784,10.64049,6195.787,8.635749,6195.787,8.677181,6195.786,6.638686,6195.497,5.575891,6195.497,11.37484,6195.787,11.5619
,6196.08,11.43714,6196.078,7.989553,6196.076,8.540245,6196.08,7.201663,6195.786,5.91502,6195.79,12.36437,6196.075,12.17996
,6196.37,10.26586,6196.365,8.202723,6196.37,8.03654,6196.37,7.193369,6196.076,6.070797,6196.076,11.41985,6196.37,11.2627
,6196.661,10.59827,6196.663,7.506219,6196.661,8.34282,6196.663,6.911784,6196.37,5.567529,6196.37,9.755122,6196.661,12.27451
,6196.952,9.895951,6196.953,7.467248,6196.952,8.502539,6196.955,7.449688,6196.664,5.650243,6196.659,11.1264,6196.953,10.41406
,6197.247,11.14233,6197.249,8.756009,6197.249,9.18116,6197.244,6.865263,6196.952,5.84551,6196.958,12.54569,6197.244,11.56679
,6197.538,10.85271,6197.535,8.562287,6197.535,9.780122,6197.536,6.758636,6197.244,5.696944,6197.241,12.03612,6197.538,12.8808
,6197.829,11.28836,6197.829,9.53899,6197.83,9.713743,6197.829,8.542313,6197.535,5.093308,6197.535,13.09525,6197.827,12.47844
,6198.117,11.77895,6198.123,10.67768,6198.12,11.45778,6198.12,9.085185,6197.826,5.465241,6197.824,10.64023,6198.123,12.67214
,6198.409,11.5919,6198.412,9.089068,6198.411,11.14051,6198.411,9.0578,6198.121,4.947596,6198.118,11.87394,6198.411,13.08794
,6198.706,14.95003,6198.703,11.99679,6198.705,14.38897,6198.702,10.58963,6198.409,5.661153,6198.414,10.57684,6198.702,15.05244
,6198.992,15.44562,6198.992,12.90833,6198.997,18.53793,6198.996,12.04723,6198.705,5.858469,6198.703,12.68155,6198.994,14.76865
,6199.285,18.62186,6199.283,14.5156,6199.285,23.37992,6199.291,14.75886,6198.996,6.421113,6198.996,11.46943,6199.291,17.20278
,6199.579,23.70762,6199.576,16.18647,6199.576,30.28807,6199.574,18.90015,6199.29,6.979723,6199.288,10.76355,6199.582,18.32402
,6199.869,25.75135,6199.869,21.1283,6199.87,37.97323,6199.869,21.67903,6199.574,6.559178,6199.574,13.05829,6199.869,21.53196
,6200.161,31.32425,6200.165,26.35494,6200.161,43.75196,6200.165,26.38067,6199.872,7.303982,6199.87,13.29055,6200.166,26.62146
,6200.452,37.99826,6200.451,28.36262,6200.451,49.10974,6200.451,26.6037,6200.161,7.481591,6200.16,13.55508,6200.454,30.23426
,6200.744,41.91452,6200.745,32.92382,6200.745,54.21771,6200.748,30.48549,6200.454,8.765106,6200.451,12.38182,6200.747,36.28028
,6201.036,42.4794,6201.036,35.91286,6201.038,55.60268,6201.036,30.40316,6200.744,7.367041,6200.745,14.2442,6201.036,35.12912
,6201.326,43.48903,6201.324,34.43152,6201.327,52.1132,6201.327,29.24992,6201.041,8.186413,6201.036,16.36649,6201.329,34.99941
,6201.622,40.97566,6201.625,32.68713,6201.62,50.65604,6201.62,26.32844,6201.329,7.683487,6201.327,16.07869,6201.622,37.44602
,6201.908,38.33671,6201.91,32.20258,6201.913,46.4857,6201.915,23.50288,6201.617,7.657849,6201.619,14.09378,6201.912,30.67616
,6202.203,30.73244,6202.2,28.72889,6202.201,39.69199,6202.206,21.80666,6201.912,7.867072,6201.91,14.65832,6202.201,28.64434
,6202.496,27.29575,6202.496,27.37591,6202.496,35.70434,6202.496,19.91767,6202.204,8.167411,6202.201,13.44552,6202.494,25.68284
,6202.785,24.32123,6202.784,22.8855,6202.789,30.61745,6202.785,16.93972,6202.496,8.044356,6202.494,13.43698,6202.784,20.92117
,6203.08,21.72389,6203.08,21.35116,6203.077,29.08946,6203.082,17.30017,6202.789,7.961924,6202.787,12.14359,6203.078,17.54844
,6203.373,21.49998,6203.37,21.0335,6203.367,27.07285,6203.368,16.15366,6203.082,7.591133,6203.078,13.49403,6203.368,19.11551
,6203.663,19.41181,6203.66,18.943,6203.666,24.23498,6203.664,16.10824,6203.37,8.219398,6203.368,13.60076,6203.664,17.53246
,6203.953,17.53051,6203.951,17.93258,6203.951,22.72876,6203.949,15.49281,6203.666,8.019034,6203.66,13.19711,6203.953,17.27486
,6204.247,17.7308,6204.244,16.35194,6204.246,23.64329,6204.244,15.69049,6203.951,7.987338,6203.953,13.39901,6204.242,17.39916
,6204.537,20.12652,6204.536,16.82261,6204.536,23.54105,6204.539,14.70316,6204.247,8.251989,6204.249,15.14437,6204.54,19.54639
,6204.829,17.64765,6204.825,16.43614,6204.83,24.2063,6204.829,15.61667,6204.536,9.261924,6204.539,14.32112,6204.829,17.03578
,6205.12,19.03893,6205.119,17.79581,6205.12,25.37873,6205.119,16.30195,6204.827,9.933851,6204.827,13.86717,6205.119,17.42451
,6205.413,17.98295,6205.41,15.01999,6205.413,25.16683,6205.41,16.42088,6205.122,9.65685,6205.12,15.21683,6205.413,18.63379
,6205.699,18.1837,6205.71,15.9077,6205.703,25.9014,6205.705,18.07965,6205.412,10.62897,6205.41,15.21091,6205.703,16.94915
,6205.992,19.67328,6205.995,17.07979,6205.995,25.75761,6205.993,18.69505,6205.7,11.61387,6205.702,16.2107,6205.995,20.2534
,6206.288,19.42538,6206.287,16.50896,6206.285,29.2312,6206.288,19.57574,6205.995,11.94601,6205.993,16.38043,6206.287,19.80966
,6206.578,20.30512,6206.575,17.43423,6206.577,30.7914,6206.578,22.79682,6206.285,14.01256,6206.284,17.68881,6206.577,19.5344
,6206.867,21.37138,6206.867,17.51678,6206.87,32.03091,6206.87,22.75228,6206.577,14.09355,6206.58,20.2323,6206.87,20.97738
,6207.164,21.03308,6207.16,18.73293,6207.16,33.33366,6207.162,25.1909,6206.87,15.94722,6206.87,18.63165,6207.16,20.83928
,6207.452,21.07888,6207.454,19.16806,6207.45,35.55678,6207.459,26.29421,6207.162,15.86513,6207.162,22.78731,6207.452,23.59849
,6207.744,24.66353,6207.742,18.80001,6207.744,37.12225,6207.747,28.25527,6207.452,17.04026,6207.455,22.75225,6207.744,22.48994
,6208.034,21.5311,6208.037,20.79834,6208.039,38.61158,6208.037,28.45995,6207.747,19.22568,6207.746,26.28951,6208.037,24.10226
,6208.329,23.22065,6208.329,19.68577,6208.328,40.45971,6208.329,30.15417,6208.034,20.41939,6208.034,25.84285,6208.326,26.64284
,6208.621,23.16621,6208.616,21.88293,6208.623,42.5208,6208.62,29.20876,6208.329,19.98954,6208.326,27.85818,6208.62,28.9492
,6208.911,23.60047,6208.91,22.59581,6208.91,41.69185,6208.911,32.67063,6208.62,22.29571,6208.618,29.13735,6208.911,26.90873
,6209.202,23.65722,6209.207,21.0571,6209.202,43.32559,6209.207,32.68542,6208.911,22.14489,6208.915,30.38517,6209.205,29.92235
,6209.494,23.1999,6209.497,21.35826,6209.494,41.54312,6209.499,30.481,6209.2,20.81278,6209.202,27.92749,6209.494,29.02113
,6209.786,24.34318,6209.787,21.38899,6209.787,40.6851,6209.787,29.90886,6209.494,21.34285,6209.494,30.18943,6209.787,28.76217
,6210.079,24.68509,6210.078,22.40603,6210.079,40.00973,6210.079,29.44141,6209.784,19.25337,6209.787,24.36764,6210.075,30.50305
,6210.368,22.74646,6210.367,21.3955,6210.372,38.74477,6210.373,28.01689,6210.075,19.61829,6210.076,26.73079,6210.37,26.90744
,6210.66,21.8482,6210.667,20.66537,6210.662,35.8649,6210.664,27.5923,6210.368,17.75154,6210.372,25.22477,6210.66,28.39289
,6210.949,22.78432,6210.951,20.31324,6210.953,36.18444,6210.954,24.69612,6210.664,17.80593,6210.665,24.48686,6210.956,25.76965
,6211.246,22.24479,6211.241,20.15063,6211.243,34.79579,6211.246,23.87941,6210.953,17.41289,6210.951,23.10427,6211.243,25.21102
,6211.539,22.80512,6211.534,19.38101,6211.532,33.06811,6211.532,23.92729,6211.245,15.61878,6211.241,23.01025,6211.54,22.69553
,6211.829,20.47532,6211.826,18.61126,6211.826,31.37515,6211.826,22.56509,6211.535,16.00099,6211.54,22.05777,6211.827,22.29218
,6212.117,19.95245,6212.12,18.39763,6212.118,31.81609,6212.118,22.71032,6211.827,14.92615,6211.827,20.84217,6212.123,23.62995
,6212.41,19.53948,6212.415,17.57714,6212.41,29.48449,6212.409,20.41998,6212.118,14.70755,6212.117,19.25523,6212.41,21.82598
,6212.703,21.01851,6212.706,19.55136,6212.704,29.22664,6212.701,19.68937,6212.412,13.66212,6212.415,19.99415,6212.701,21.47648
,6212.997,20.67854,6212.993,17.33635,6212.993,28.22736,6212.993,20.37562,6212.706,13.01319,6212.703,21.94028,6212.993,20.77587
,6213.286,20.15599,6213.291,18.04063,6213.283,28.4532,6213.284,20.14069,6212.997,12.49058,6212.997,17.79114,6213.286,20.73828
,6213.575,20.63513,6213.578,17.5302,6213.577,27.40977,6213.578,20.34276,6213.287,12.72623,6213.287,16.67962,6213.575,21.07235
,6213.871,20.5613,6213.869,18.32459,6213.871,28.51665,6213.869,19.73458,6213.581,12.62464,6213.575,18.67503,6213.869,21.56675
,6214.165,20.18159,6214.161,17.36349,6214.161,28.72449,6214.163,19.80523,6213.871,10.89272,6213.867,16.65228,6214.161,20.22307
,6214.452,22.27521,6214.454,17.66447,6214.451,28.19168,6214.456,19.23467,6214.158,11.49208,6214.16,18.08413,6214.452,18.66786
,6214.751,21.27446,6214.745,16.12122,6214.742,27.96073,6214.743,18.97351,6214.451,11.65325,6214.457,18.12304,6214.742,19.23236
,6215.037,19.20551,6215.034,18.30115,6215.037,28.34922,6215.036,19.90328,6214.743,12.36876,6214.743,19.10038,6215.036,20.45181
,6215.332,21.11269,6215.328,19.12183,6215.327,27.9398,6215.328,19.58629,6215.036,12.29479,6215.037,16.97434,6215.33,19.55168
,6215.618,20.32365,6215.621,17.43955,6215.618,27.48497,6215.619,17.81895,6215.327,11.79317,6215.327,18.23651,6215.618,19.51456
,6215.91,19.79577,6215.91,17.76048,6215.912,28.54079,6215.91,19.23657,6215.621,12.50004,6215.621,17.77638,6215.91,19.1444
,6216.203,19.62684,6216.201,19.2913,6216.205,28.92562,6216.203,17.86319,6215.912,11.52131,6215.912,16.7208,6216.201,21.66725
,6216.492,19.87166,6216.494,16.96055,6216.494,26.29557,6216.494,19.66026,6216.203,11.24198,6216.198,17.27385,6216.496,20.00799
,6216.788,19.36869,6216.788,16.74584,6216.785,27.12833,6216.785,18.55666,6216.492,10.85613,6216.496,16.02203,6216.79,19.64609
,6217.076,19.67529,6217.075,16.56783,6217.076,26.18517,6217.075,18.62323,6216.788,10.90904,6216.787,17.74512,6217.076,18.04888
,6217.369,19.49318,6217.369,17.56382,6217.371,27.21059,6217.372,17.95224,6217.078,10.4806,6217.076,18.11899,6217.372,19.24473
,6217.66,19.79758,6217.66,18.20172,6217.659,26.43918,6217.66,17.94761,6217.369,11.74853,6217.374,16.86521,6217.659,18.42811
,6217.953,19.99309,6217.955,17.80705,6217.953,26.16788,6217.951,18.94168,6217.66,10.39222,6217.66,14.41121,6217.951,19.15062
,6218.247,20.02737,6218.246,17.89082,6218.246,25.54852,6218.244,17.62885,6217.951,11.21126,6217.951,16.35839,6218.247,18.19089
,6218.539,17.337,6218.534,17.41457,6218.534,26.00666,6218.536,18.18079,6218.246,12.07334,6218.244,16.22862,6218.539,21.51233
,6218.828,20.88628,6218.828,17.31791,6218.827,26.20542,6218.827,17.73748,6218.534,11.6386,6218.536,17.57927,6218.827,19.60236
,6219.12,19.08616,6219.12,17.43716,6219.117,26.6728,6219.118,17.23988,6218.828,10.83219,6218.827,15.32866,6219.118,19.89771
,6219.411,18.88156,6219.413,17.23286,6219.411,26.89226,6219.411,18.13909,6219.121,11.87376,6219.118,16.51254,6219.413,17.90712
,6219.704,20.05417,6219.701,17.23154,6219.704,27.86956,6219.701,18.96013,6219.411,11.41935,6219.413,16.27296,6219.702,19.24976
,6219.997,19.35636,6219.994,17.78598,6219.997,25.30157,6219.994,19.50423,6219.702,11.18502,6219.704,16.23491,6219.996,20.21721
,6220.285,17.91786,6220.285,18.1686,6220.285,26.50878,6220.285,18.12323,6219.992,11.16982,6219.994,18.44279,6220.285,19.03221
,6220.58,20.56546,6220.575,17.37583,6220.58,25.14629,6220.577,17.2045,6220.285,11.91264,6220.289,16.15281,6220.575,19.30228
,6220.87,18.96508,6220.867,16.63627,6220.868,26.98153,6220.87,17.87271,6220.577,11.41924,6220.575,18.78787,6220.873,19.63788
,6221.16,19.32192,6221.165,16.51372,6221.161,26.14129,6221.16,17.22259,6220.873,11.03516,6220.868,17.33725,6221.163,19.25846
,6221.45,19.26582,6221.451,16.79433,6221.453,26.04457,6221.453,17.52962,6221.161,10.61416,6221.16,16.47793,6221.451,17.85941
,6221.746,19.56564,6221.743,17.04306,6221.749,26.08672,6221.743,17.21991,6221.453,12.17799,6221.453,14.39853,6221.746,18.89883
,6222.035,18.94632,6222.038,16.70475,6222.039,25.64055,6222.036,18.32764,6221.746,12.24442,6221.751,16.90623,6222.039,18.39743
,6222.326,17.70412,6222.326,17.80427,6222.328,24.9729,6222.328,17.56524,6222.035,11.6807,6222.036,16.84552,6222.328,20.0727
,6222.618,18.68021,6222.618,17.53281,6222.618,25.59648,6222.618,17.5377,6222.326,10.834,6222.328,15.55879,6222.618,19.60297
,6222.914,19.32399,6222.916,16.72954,6222.913,25.96199,6222.911,17.41623,6222.621,11.55806,6222.62,15.81157,6222.91,18.85323
,6223.205,20.08798,6223.201,18.73764,6223.205,25.75659,6223.211,18.46319,6222.911,11.677,6222.911,15.02196,6223.203,18.75786
,6223.493,19.06051,6223.498,17.09903,6223.493,26.91583,6223.49,18.66252,6223.2,11.33784,6223.206,16.97457,6223.495,19.14729
,6223.783,18.85858,6223.788,15.74159,6223.788,26.86371,6223.788,18.49618,6223.498,11.47825,6223.495,15.11732,6223.79,18.80303
,6224.075,20.37994,6224.075,15.55377,6224.077,27.00082,6224.075,18.68836,6223.791,10.31769,6223.785,17.16505,6224.077,19.46055
,6224.369,18.38361,6224.372,16.9621,6224.372,25.90583,6224.372,17.61834,6224.075,11.00661,6224.075,15.8115,6224.372,18.89247
,6224.659,18.58602,6224.662,17.28631,6224.659,25.92282,6224.66,18.54746,6224.373,11.39026,6224.369,16.47428,6224.662,19.97432
,6224.951,19.73021,6224.952,17.61433,6224.952,26.55318,6224.954,19.17667,6224.66,12.56305,6224.662,16.60619,6224.956,20.96412
,6225.244,17.90448,6225.246,19.20633,6225.244,27.68065,6225.244,18.25777,6224.954,11.19893,6224.952,18.11283,6225.247,21.00439
,6225.538,18.58608,6225.536,17.45452,6225.538,26.4269,6225.535,19.6091,6225.244,9.478885,6225.244,15.82342,6225.539,19.33747
,6225.828,20.77127,6225.828,17.33709,6225.83,25.76889,6225.83,19.09666,6225.536,10.70918,6225.538,14.4606,6225.825,18.35613
,6226.122,20.13381,6226.119,19.38037,6226.119,24.62384,6226.119,19.43755,6225.827,11.66805,6225.825,16.17845,6226.117,19.50367
,6226.409,20.40427,6226.414,15.83854,6226.414,25.62456,6226.414,19.3141,6226.123,11.81235,6226.122,16.71205,6226.412,18.18647
,6226.701,19.32211,6226.701,17.75671,6226.701,26.20187,6226.699,19.21785,6226.412,10.77007,6226.414,14.89187,6226.703,19.12948
,,,,,6226.992,26.70964,6226.992,17.47967,6226.701,11.73663,6226.703,18.30394,6226.992,18.85631
,,,,,,,,,6226.993,11.72546,6226.992,16.53144,,